<feed xmlns="http://www.w3.org/2005/Atom" xmlns:d="http://schemas.microsoft.com/ado/2007/08/dataservices" xmlns:m="http://schemas.microsoft.com/ado/2007/08/dataservices/metadata" xmlns:georss="http://www.georss.org/georss" xmlns:gml="http://www.opengis.net/gml" xml:base="http://datamall2.mytransport.sg/ltaodataservice">
    <id>http://schemas.datacontract.org/2004/07/</id>
    <title />
    <updated>2018-3-15T22:20:57Z</updated>
    <link rel="self" href="http://datamall2.mytransport.sg/ltaodataservice/BusStops" />
    <entry>
        <id>http://datamall2.mytransport.sg/ltaodataservice/BusStops()</id>
        <category term="DataMall2.Models.BusStopCodeSet" scheme="http://schemas.microsoft.com/ado/2007/08/dataservices/scheme" />
        <link rel="edit" href="http://datamall2.mytransport.sg/ltaodataservice/BusStops()" />
        <link rel="self" href="http://datamall2.mytransport.sg/ltaodataservice/BusStops()" />
        <title />
        <updated>2018-3-15T22:20:57Z</updated>
        <author>
            <name />
        </author>
        <content type="application/xml">
            <m:properties>
                <d:BusStopCode>00481</d:BusStopCode>
                <d:RoadName>Woodlands Rd</d:RoadName>
                <d:Description>BT PANJANG TEMP BUS PK</d:Description>
                <d:Latitude>1.383764</d:Latitude>
                <d:Longitude>103.7583</d:Longitude>
            </m:properties>
        </content>
    </entry>
    <entry>
        <id>http://datamall2.mytransport.sg/ltaodataservice/BusStops()</id>
        <category term="DataMall2.Models.BusStopCodeSet" scheme="http://schemas.microsoft.com/ado/2007/08/dataservices/scheme" />
        <link rel="edit" href="http://datamall2.mytransport.sg/ltaodataservice/BusStops()" />
        <link rel="self" href="http://datamall2.mytransport.sg/ltaodataservice/BusStops()" />
        <title />
        <updated>2018-3-15T22:20:57Z</updated>
        <author>
            <name />
        </author>
        <content type="application/xml">
            <m:properties>
                <d:BusStopCode>01012</d:BusStopCode>
                <d:RoadName>Victoria St</d:RoadName>
                <d:Description>Hotel Grand Pacific</d:Description>
                <d:Latitude>1.29684825487647</d:Latitude>
                <d:Longitude>103.85253591654006</d:Longitude>
            </m:properties>
        </content>
    </entry>
    <entry>
        <id>http://datamall2.mytransport.sg/ltaodataservice/BusStops()</id>
        <category term="DataMall2.Models.BusStopCodeSet" scheme="http://schemas.microsoft.com/ado/2007/08/dataservices/scheme" />
        <link rel="edit" href="http://datamall2.mytransport.sg/ltaodataservice/BusStops()" />
        <link rel="self" href="http://datamall2.mytransport.sg/ltaodataservice/BusStops()" />
        <title />
        <updated>2018-3-15T22:20:57Z</updated>
        <author>
            <name />
        </author>
        <content type="application/xml">
            <m:properties>
                <d:BusStopCode>01013</d:BusStopCode>
                <d:RoadName>Victoria St</d:RoadName>
                <d:Description>St. Joseph's Ch</d:Description>
                <d:Latitude>1.29770970610083</d:Latitude>
                <d:Longitude>103.8532247463225</d:Longitude>
            </m:properties>
        </content>
    </entry>
    <entry>
        <id>http://datamall2.mytransport.sg/ltaodataservice/BusStops()</id>
        <category term="DataMall2.Models.BusStopCodeSet" scheme="http://schemas.microsoft.com/ado/2007/08/dataservices/scheme" />
        <link rel="edit" href="http://datamall2.mytransport.sg/ltaodataservice/BusStops()" />
        <link rel="self" href="http://datamall2.mytransport.sg/ltaodataservice/BusStops()" />
        <title />
        <updated>2018-3-15T22:20:57Z</updated>
        <author>
            <name />
        </author>
        <content type="application/xml">
            <m:properties>
                <d:BusStopCode>01019</d:BusStopCode>
                <d:RoadName>Victoria St</d:RoadName>
                <d:Description>Bras Basah Cplx</d:Description>
                <d:Latitude>1.29698951191332</d:Latitude>
                <d:Longitude>103.85302201172507</d:Longitude>
            </m:properties>
        </content>
    </entry>
    <entry>
        <id>http://datamall2.mytransport.sg/ltaodataservice/BusStops()</id>
        <category term="DataMall2.Models.BusStopCodeSet" scheme="http://schemas.microsoft.com/ado/2007/08/dataservices/scheme" />
        <link rel="edit" href="http://datamall2.mytransport.sg/ltaodataservice/BusStops()" />
        <link rel="self" href="http://datamall2.mytransport.sg/ltaodataservice/BusStops()" />
        <title />
        <updated>2018-3-15T22:20:57Z</updated>
        <author>
            <name />
        </author>
        <content type="application/xml">
            <m:properties>
                <d:BusStopCode>01029</d:BusStopCode>
                <d:RoadName>Nth Bridge Rd</d:RoadName>
                <d:Description>Cosmic Insurance Bldg</d:Description>
                <d:Latitude>1.2966729849642</d:Latitude>
                <d:Longitude>103.85441422464267</d:Longitude>
            </m:properties>
        </content>
    </entry>
</feed>